{
  "active": true,
  "params": {
    "k_n_per_m": 180500.0,
    "c_ns_per_m": 3130.0,
    "ref_compression_mm": 40.0,
    "k_mult_at_ref": 1.0,
    "compression_limit_mm": 43.21477311501152,
    "compression_stop_k_n_per_m": 9750183.87156589,
    "compression_stop_smoothing_mm": 6.013405824588638,
    "gap_mm": 0.0,
    "poly_k2_n_per_m2": 0.0,
    "poly_k3_n_per_m3": 0.0
  },
  "meta": {
    "bottom_out_case_name": "accel_50ms",
    "bottom_out_fraction": 0.98,
    "success": true,
    "cost": 0.0008164498296366707,
    "residual_norm": 0.04040915316204166
  }
}
