{
  "buttocks_k_n_per_m": 99244.51743130326,
  "buttocks_c_ns_per_m": 2610.4882401576187,
  "buttocks_limit_mm": 44.98692532688622,
  "buttocks_stop_k_n_per_m": 5000000.0,
  "buttocks_stop_smoothing_mm": 1.0
}
