{
  "buttocks_k_n_per_m": 138071.28467153813,
  "buttocks_c_ns_per_m": 2893.35559548336,
  "buttocks_limit_mm": 36.9801670401997,
  "buttocks_stop_k_n_per_m": 5000000.0,
  "buttocks_stop_smoothing_mm": 1.0
}
