{
  "buttocks_k_n_per_m": 73658.01840981106,
  "buttocks_c_ns_per_m": 1596.2210499303953,
  "buttocks_limit_mm": 58.70558958376879,
  "buttocks_stop_k_n_per_m": 5000000.0,
  "buttocks_stop_smoothing_mm": 1.0
}
