{
  "model": "zwt",
  "active_mode": "peaks",
  "peaks": {
    "s_k_spine": 1.49999999985,
    "s_c_spine": 1.0072985557454548,
    "buttocks_k_n_per_m": 138000.00016332307,
    "buttocks_c_ns_per_m": 3300.3453992798786,
    "buttocks_limit_mm": 59.99999997543393,
    "c_base_ns_per_m": 1476.5132894889657,
    "disc_poly_k2_n_per_m2": 0.18602768205905212,
    "disc_poly_k3_n_per_m3": 1e-10,
    "maxwell_k_ratio_0": 1.9999999998,
    "maxwell_k_ratio_1": 0.7446199155744264,
    "maxwell_tau_ms_0": 7.428070182472055,
    "maxwell_tau_ms_1": 60.00000002456604
  },
  "curves": {
    "s_k_spine": 1.0,
    "s_c_spine": 1.0,
    "buttocks_k_n_per_m": 180500.0,
    "buttocks_c_ns_per_m": 3130.0,
    "buttocks_limit_mm": 39.0
  }
}
