{
  "model": "zwt",
  "active_mode": "peaks",
  "peaks": {
    "s_k_spine": 1.4742692172911012,
    "s_c_spine": 0.9713074955416333,
    "buttocks_k_n_per_m": 168309.91950988793,
    "buttocks_c_ns_per_m": 3973.525071325699,
    "buttocks_limit_mm": 49.34700412274784,
    "c_base_ns_per_m": 1200.0,
    "disc_poly_k2_n_per_m2": 0.0,
    "disc_poly_k3_n_per_m3": 0.0,
    "maxwell_k_ratio_0": 1.0,
    "maxwell_k_ratio_1": 0.5,
    "maxwell_tau_ms_0": 18.686546937663607,
    "maxwell_tau_ms_1": 70.66336737569887
  },
  "curves": {
    "s_k_spine": 1.0,
    "s_c_spine": 1.0,
    "buttocks_k_n_per_m": 180500.0,
    "buttocks_c_ns_per_m": 3130.0,
    "buttocks_limit_mm": 39.0
  }
}
