{
  "model": "zwt",
  "active_mode": "peaks",
  "peaks": {
    "s_k_spine": 1.49999999985,
    "s_c_spine": 0.8266941380512135,
    "buttocks_k_n_per_m": 139703.99662339594,
    "buttocks_c_ns_per_m": 3064.7691900022805,
    "buttocks_limit_mm": 54.50874391987094,
    "c_base_ns_per_m": 1573.04089861791,
    "disc_poly_k2_n_per_m2": 0.12515922366902243,
    "disc_poly_k3_n_per_m3": 1e-10,
    "maxwell_k_ratio_0": 1.992875728459925,
    "maxwell_k_ratio_1": 0.9999999999,
    "maxwell_tau_ms_0": 7.028093765149079,
    "maxwell_tau_ms_1": 65.63964837032168
  },
  "curves": {
    "s_k_spine": 1.0,
    "s_c_spine": 1.0,
    "buttocks_k_n_per_m": 180500.0,
    "buttocks_c_ns_per_m": 3130.0,
    "buttocks_limit_mm": 39.0
  }
}
