{
  "model": "zwt",
  "active_mode": "peaks",
  "peaks": {
    "s_k_spine": 1.5,
    "s_c_spine": 1.0139331247710943,
    "buttocks_k_n_per_m": 169111.7342357985,
    "buttocks_c_ns_per_m": 3593.120266900336,
    "buttocks_limit_mm": 44.99999999999999,
    "c_base_ns_per_m": 1599.9999999999998,
    "disc_poly_k2_n_per_m2": 0.0,
    "disc_poly_k3_n_per_m3": 0.96,
    "maxwell_k_ratio_0": 2.0,
    "maxwell_k_ratio_1": 1.0,
    "maxwell_tau_ms_0": 6.070974421975233,
    "maxwell_tau_ms_1": 61.260727542431574
  },
  "curves": {
    "s_k_spine": 1.0,
    "s_c_spine": 1.0,
    "buttocks_k_n_per_m": 180500.0,
    "buttocks_c_ns_per_m": 3130.0,
    "buttocks_limit_mm": 39.0
  }
}
