{
  "model": "zwt",
  "active_mode": "peaks",
  "peaks": {
    "s_k_spine": 1.6471820345351462,
    "s_c_spine": 1.1809926614295303,
    "buttocks_k_n_per_m": 112661.83203837035,
    "buttocks_c_ns_per_m": 4614.46265012115,
    "buttocks_limit_mm": 62.170060510954904,
    "c_base_ns_per_m": 1200.0,
    "disc_poly_k2_n_per_m2": 0.0,
    "disc_poly_k3_n_per_m3": 0.0,
    "maxwell_k_ratio_0": 1.0,
    "maxwell_k_ratio_1": 0.5,
    "maxwell_tau_ms_0": 10.000000000000002,
    "maxwell_tau_ms_1": 119.99999999999997
  },
  "curves": {
    "s_k_spine": 1.0,
    "s_c_spine": 1.0,
    "buttocks_k_n_per_m": 180500.0,
    "buttocks_c_ns_per_m": 3130.0,
    "buttocks_limit_mm": 39.0
  }
}
