{
  "model": "zwt",
  "active_mode": "peaks",
  "peaks": {
    "s_k_spine": 1.5,
    "s_c_spine": 1.0069293770851977,
    "buttocks_k_n_per_m": 137999.99999999988,
    "buttocks_c_ns_per_m": 2914.1625084384928,
    "buttocks_limit_mm": 59.999999999999986,
    "c_base_ns_per_m": 1503.2363987424192,
    "disc_poly_k2_n_per_m2": 0.18,
    "disc_poly_k3_n_per_m3": 0.0,
    "maxwell_k_ratio_0": 2.0,
    "maxwell_k_ratio_1": 0.7422617853145246,
    "maxwell_tau_ms_0": 6.551967019291816,
    "maxwell_tau_ms_1": 59.999999999999986
  },
  "curves": {
    "s_k_spine": 1.0,
    "s_c_spine": 1.0,
    "buttocks_k_n_per_m": 180500.0,
    "buttocks_c_ns_per_m": 3130.0,
    "buttocks_limit_mm": 39.0
  }
}
