{
  "model": "zwt",
  "active_mode": "peaks",
  "peaks": {
    "s_k_spine": 0.9169802082690514,
    "s_c_spine": 1.0717456048058198,
    "buttocks_k_n_per_m": 164270.74276002575,
    "buttocks_c_ns_per_m": 3959.3419952516133,
    "buttocks_limit_mm": 44.99999999999999,
    "c_base_ns_per_m": 1019.64850185541,
    "disc_k_mult_at_ref": 1.1443169998109113,
    "disc_poly_k2_n_per_m2": 0.87,
    "disc_poly_k3_n_per_m3": 0.0,
    "disc_ref_compression_mm": 4.9599255119493915,
    "maxwell_k_ratio_0": 1.853176123780742,
    "maxwell_k_ratio_1": 0.5864174746159394,
    "maxwell_tau_ms_0": 11.250584846888092,
    "maxwell_tau_ms_1": 193.59402221331024
  },
  "curves": {
    "s_k_spine": 1.0,
    "s_c_spine": 1.0,
    "buttocks_k_n_per_m": 180500.0,
    "buttocks_c_ns_per_m": 3130.0,
    "buttocks_limit_mm": 39.0,
    "c_base_ns_per_m": 1200.0,
    "disc_ref_compression_mm": 2.0,
    "disc_k_mult_at_ref": 8.0,
    "disc_poly_k2_n_per_m2": 0.0,
    "disc_poly_k3_n_per_m3": 0.0,
    "maxwell_k_ratio_0": 1.0,
    "maxwell_tau_ms_0": 10.0,
    "maxwell_k_ratio_1": 0.5,
    "maxwell_tau_ms_1": 120.0
  }
}
